top_email_link,anh.to87@gmail.com
Most Viewed,Most Viewed
Best Seller,Best Seller
New Arrivals,New Arrivals
Special,Special
Most Views,Most Views
featured,featured
Buy This Template,Buy This Template
Last Deal,Last Deal
On Sale,On Sale
Featured,Featured
Item Code:,Item Code:
Availability:,Availability:
Contact us today!,Contact us today!
Services,Services
Support,Support
About Us,About Us
MENU,MENU
Home,Home
All Categories,All Categories
Categories,Categories
Register and save time!,Register and save time!
Register with us for future convenience:,Register with us for future convenience:
Fast and easy check out,Fast and easy check out
Easy access to your order history and status,Easy access to your order history and status
Newsletter,Newsletter
OK,OK
Your Email Address,Your Email Address
OFF,OFF
Add to Cart,Add to Cart
Keyword here...,Keyword here...
Cart,Cart
Add to my wishlist,Add to my wishlist
Add to compare,Add to compare
Please select layout ...,Please select layout ...
Select Store,Select Store
Copyrights,Copyrights Â© 2015 KuteShop. All Rights Reserved. Designed by KuteThemes.com
Sale,Sale
NEW,NEW
Welcome to KuteShop,Welcome to KuteShop
01. Summary,01. Summary
02. Sign in,02. Sign in
03. Address,03. Address
04. Shipping,04. Shipping
05. Payment,05. Payment
Your shopping cart contains:,Your shopping cart contains:
Product,Product
Shopping cart,Shopping cart
